P. Name,P. Zone Class,P. Mass Class,P. Composition Class,P. Atmosphere Class,P. Density (EU),P. Gravity (EU),P. Esc Vel (EU),P. SFlux Min (EU),P. SFlux Mean (EU),P. SFlux Max (EU),P. Teq Max (K),P. Mag,P. Appar Size (deg),P. Eccentricity,P. Mean Distance (AU),P. Omega (deg),S. Mass (SU),S. Teff (K),S. [Fe/H],S. Age (Gyrs),S. Appar Mag,S. Distance (pc),S. RA (hrs),S. DEC (deg),S. Mag from Planet,S. Size from Planet (deg),S. No. Planets,S. No. Planets HZ,S. Hab Zone Max (AU),P. HZD,P. HZC,P. HZA,P. HZI,P. SPH,P. ESI,S. HabCat,P. Habitable,P. Hab Moon,P. Confirmed,P. Habitable Class
GJ 163 c,Warm,Superterran,rocky-iron,metals-rich,1.19,2.17,1.99,0.5515569,0.6630019,0.804139,241.3,-18.05,3.48,0.09,0.12,235.4,0.4,3840.0,-0.06027140851661208,3.0,11.8,15.0,4.1544,-53.3736,-26.3,0.9881,3,1,0.212,-0.34,-0.14,0.81,0.53,0.08,0.73,0,1,0,1,psychroplanet
GJ 667 C e,Warm,Terran,rocky-iron,metals-rich,0.99,1.39,1.39,0.290249,0.3020295,0.3144201,190.8,-16.59,2.65,0.02,0.21,28.6,0.33,3350.0,-0.55,2.0,10.2,6.8,17.3158,-34.9897,-25.4,0.8714,6,3,0.251,0.51,-0.16,0.23,0.63,0.0,0.6,0,1,0,0,psychroplanet
GJ 667 C f,Warm,Terran,rocky-iron,metals-rich,0.99,1.39,1.39,0.5306531,0.5632069000000001,0.5983137,224.1,-17.28,2.65,0.03,0.16,103.0,0.33,3350.0,-0.55,2.0,10.2,6.8,17.3158,-34.9897,-26.1,1.19,6,3,0.251,-0.22,-0.16,0.08,0.78,0.0,0.77,0,1,0,0,psychroplanet
GJ 682 c,Warm,Superterran,rocky-iron,hydrogen-rich,1.24,2.37,2.13,0.3020603,0.3673006,0.45118450000000004,208.8,-17.51,3.64,0.1,0.18,320.9,0.27,3028.0,-0.06027140851661208,4.184758828596038,13.4,5.08,17.6177,-43.6808,-25.6,1.1831,2,1,0.232,0.23,-0.14,1.19,0.45,0.0,0.59,0,1,0,0,psychroplanet
GJ 3293 d,Warm,Superterran,rocky-iron,metals-rich,1.2,2.22,2.03,0.44768679999999994,0.5656049,0.7251003,235.1,-17.91,3.52,0.12,0.19,322.0,0.42,3466.0,0.02,4.184758828596038,12.0,17.9,4.4767,-25.1692,-26.1,1.1179,4,2,0.309,-0.21,-0.14,0.91,0.52,0.0,0.7,0,1,0,1,psychroplanet
HD 40307 g,Warm,Superterran,rocky-iron,metals-rich,1.18,2.15,1.98,0.3895282,0.6771687,1.285592,271.3,-18.1,3.45,0.29,0.57,91.2,0.77,4977.0,-0.31,1.2,7.2,12.8,5.9011,-60.0233,-26.4,0.6042,6,1,0.917,-0.15,-0.14,0.77,0.56,0.04,0.74,1,1,0,0,psychroplanet
Kapteyn b,Warm,Terran,rocky-iron,metals-rich,1.09,1.79,1.71,0.2900587,0.4342851,0.6803408000000001,231.4,-17.37,3.11,0.21,0.16,80.4,0.28,3550.0,-0.86,8.0,8.8,3.91,5.1947,-45.0183,-25.8,0.9409,2,1,0.232,0.12,-0.15,0.57,0.63,0.0,0.67,0,1,0,0,psychroplanet
Kepler-62 f,Warm,Terran,rocky-iron,metals-rich,1.0,1.41,1.41,0.388223,0.388223,0.388223,201.1,-16.89,2.68,0.0,0.72,0.0,0.69,4869.0,-0.21,7.0,14.0,368.0,18.8808,45.3499,-25.7,0.4676,5,2,0.857,0.45,-0.16,0.19,0.66,0.0,0.67,0,1,0,1,psychroplanet
Kepler-150 f,Warm,Superterran,gas,metals-rich,0.19,0.68,1.57,0.4927213,0.4927213,0.4927214,213.4,-19.22,6.92,0.0,1.24,0.0,0.63,5560.0,-0.136,4.184758828596038,13.4,973.0,19.2156,40.5209,-26.0,0.404,5,1,1.569,0.28,2.88,0.35,0.26,0.0,0.53,0,0,0,1,psychroplanet
Kepler-174 d,Warm,Superterran,rocky-iron,hydrogen-rich,1.42,3.1,2.6,0.42675159999999995,0.42675159999999995,0.42675169999999996,205.9,-17.95,4.15,0.0,0.68,0.0,0.68,4880.0,-0.556,4.184758828596038,13.4,360.0,19.1626,43.8321,-25.8,0.488,3,1,0.846,0.32,-0.13,1.77,0.36,0.0,0.61,0,1,0,1,psychroplanet
Kepler-296 f,Warm,Superterran,rocky-iron,metals-rich,1.15,2.01,1.87,0.2687829,0.3395788,0.4353369000000001,206.9,-17.22,3.33,0.12,0.28,0.0,0.45,3572.0,-0.12,4.2,10.1,226.0,19.1027,49.4373,-25.6,0.8155,5,2,0.34700000000000003,0.4,-0.14,0.86,0.51,0.0,0.6,0,1,0,1,psychroplanet
Kepler-442 b,Warm,Terran,rocky-iron,metals-rich,0.97,1.3,1.32,0.6466799,0.6999820999999999,0.7589214,237.8,-17.42,2.55,0.04,0.41,0.0,0.61,4402.0,-0.37,2.9,7.7,342.0,19.0244,39.2801,-26.3,0.7685,1,1,0.6809999999999999,-0.34,-0.16,-0.06,0.73,0.04,0.84,0,1,0,1,psychroplanet
Kepler-1229 b,Warm,Terran,rocky-iron,metals-rich,0.99,1.39,1.4,0.4901548,0.4901549,0.4901549,213.2,-17.13,2.66,0.0,0.31,0.0,0.54,3784.0,-0.06027140851661208,3.72,15.5,236.0,19.8324,46.9967,-26.0,0.8699,1,1,0.456,-0.03,-0.16,0.12,0.83,0.0,0.73,0,1,0,1,psychroplanet
Kepler-1652 b,Warm,Terran,rocky-iron,metals-rich,0.9,1.01,1.06,0.6504719,0.650472,0.6504722,228.8,-16.95,2.13,0.0,0.16,0.0,0.36,3482.0,-0.1,4.184758828596038,13.4,252.0,19.6244,49.9151,-26.3,1.1835,1,1,0.27,-0.35,-0.17,-0.37,0.65,0.0,0.85,0,1,0,1,psychroplanet
LHS 1140 b,Warm,Terran,rocky-iron,hydrogen-rich,2.26,3.23,2.15,0.23418049999999999,0.4071072,0.7728854000000001,238.9,-17.03,2.72,0.29,0.08,0.0,0.15,3131.0,-0.24,5.0,14.2,12.47,0.7497,-15.2714,-25.8,1.1837,1,1,0.118,0.18,-0.82,1.17,0.41,0.0,0.68,0,1,0,1,psychroplanet
Proxima Cen b,Warm,Terran,rocky-iron,metals-rich,0.9,1.01,1.07,0.6562118,0.6562118,0.6562119000000001,229.3,-16.96,2.13,0.0,0.05,0.0,0.12,3050.0,-0.06027140851661208,4.184758828596038,11.1,1.29,14.4953,-62.6794,-26.3,1.5493,1,1,0.086,-0.39,-0.17,-0.37,0.64,0.0,0.85,0,1,0,1,psychroplanet
TRAPPIST-1 e,Warm,Terran,rocky-iron,metals-rich,0.82,0.76,0.83,0.6544079,0.654408,0.6544082,229.1,-16.52,1.74,0.0,0.03,0.0,0.08,2550.0,0.04,0.5,18.8,12.1,23.1081,-5.0414,-26.3,2.2135,7,4,0.051,-0.42,-0.15,-0.67,0.56,0.0,0.85,0,1,0,1,psychroplanet
TRAPPIST-1 f,Warm,Terran,rocky-water,metals-rich,0.59,0.61,0.8,0.3772893,0.3772893,0.3772893,199.7,-16.2,1.98,0.0,0.04,0.0,0.08,2550.0,0.04,0.5,18.8,12.1,23.1081,-5.0414,-25.7,1.6807,7,4,0.051,0.14,0.27,-0.64,0.59,0.0,0.68,0,1,0,1,psychroplanet
Kepler-296 e,Warm,Terran,rocky-iron,metals-rich,1.03,1.52,1.5,1.005184,1.2222879999999998,1.501434,282.0,-18.25,2.81,0.1,0.15,0.0,0.45,3572.0,-0.12,4.2,10.1,226.0,19.1027,49.4373,-27.0,1.5455,5,2,0.34700000000000003,-0.86,-0.16,0.04,0.53,0.75,0.85,0,1,0,1,mesoplanet
Kepler-298 d,Warm,Superterran,rocky-iron,hydrogen-rich,1.72,4.3,3.28,1.289531,1.289531,1.289532,271.5,-19.45,4.75,0.0,0.3,0.0,0.65,4465.0,-0.121,4.184758828596038,13.4,474.0,18.8693,48.8254,-27.0,1.0134,3,1,0.6859999999999999,-0.86,-0.11,2.11,0.3,0.0,0.68,0,1,0,1,mesoplanet
GJ 3323 b,Warm,Terran,rocky-iron,metals-rich,0.95,1.23,1.25,0.776563,1.207001,1.981179,302.3,-17.95,2.44,0.23,0.03,0.0,0.16,3159.0,-0.27,4.184758828596038,12.2,5.32,5.0326,-6.9461,-27.0,1.9856,2,1,0.077,-0.84,-0.16,-0.25,0.53,0.97,0.89,0,1,0,1,mesoplanet
GJ 273 b,Warm,Terran,rocky-iron,metals-rich,1.0,1.43,1.43,1.003524,1.220269,1.4989540000000001,281.9,-18.17,2.7,0.1,0.09,0.0,0.29,3382.0,0.09,4.184758828596038,9.9,3.8,7.4568,5.2258,-27.0,1.7227,2,1,0.215,-0.86,-0.16,-0.05,0.53,0.79,0.86,0,1,0,1,mesoplanet
Kepler-1090 b,Warm,Superterran,rocky-iron,hydrogen-rich,1.47,3.32,2.73,1.20485,1.20485,1.2048510000000001,266.9,-19.15,4.28,0.0,0.63,0.0,0.86,5321.0,-0.06027140851661208,4.37,15.0,702.0,19.7109,44.5258,-26.9,0.6898,1,1,1.28,-0.74,-0.12,1.5,0.37,0.23,0.72,0,1,0,1,mesoplanet
GJ 667 C c,Warm,Terran,rocky-iron,metals-rich,1.05,1.61,1.57,0.8427715,0.8769776,0.9129552,249.0,-17.97,2.92,0.02,0.12,292.0,0.33,3350.0,-0.55,2.0,10.2,6.8,17.3158,-34.9897,-26.6,1.4848,6,3,0.251,-0.62,-0.15,0.21,0.6,0.64,0.84,0,1,0,1,mesoplanet
TRAPPIST-1 d,Warm,Subterran,rocky-iron,metals-rich,0.9,0.69,0.73,1.129725,1.129725,1.129725,262.7,-16.74,1.47,0.0,0.02,0.0,0.08,2550.0,0.04,0.5,18.8,12.1,23.1081,-5.0414,-26.9,2.9085,7,4,0.051,-0.84,-0.29,-0.86,0.45,0.9,0.9,0,1,0,1,mesoplanet
Kepler-438 b,Warm,Terran,rocky-iron,metals-rich,0.9,1.01,1.06,1.298292,1.3779370000000002,1.46383,280.2,-17.77,2.13,0.03,0.17,0.0,0.54,3748.0,0.16,4.4,9.6,145.0,18.7764,41.9511,-27.1,1.4871,1,1,0.407,-0.94,-0.17,-0.49,0.48,0.5,0.88,0,1,0,1,mesoplanet
Wolf 1061 c,Warm,Terran,rocky-iron,metals-rich,1.03,1.53,1.51,1.128213,1.398419,1.754743,293.2,-18.42,2.83,0.11,0.09,37.0,0.25,3305.0,-0.09,4.184758828596038,10.1,4.29,16.505,-12.6626,-27.1,1.9321,3,1,0.225,-0.96,-0.15,0.02,0.51,0.17,0.82,0,1,0,1,mesoplanet
HD 283869 b,Warm,Superterran,rocky-iron,metals-rich,1.26,2.47,2.2,1.146929,1.146929,1.146929,263.7,-18.79,3.72,0.0,0.4,0.0,0.74,4655.0,0.15,4.184758828596038,13.4,47.51,4.795,26.15,-26.9,0.8793,1,1,0.836,-0.76,-0.14,0.89,0.46,0.65,0.77,0,1,0,0,mesoplanet
Kepler-22 b,Warm,Superterran,rocky-iron,hydrogen-rich,1.57,3.68,2.94,1.1060290000000002,1.1060290000000002,1.1060290000000002,261.3,-19.15,4.47,0.0,0.85,0.0,0.97,5518.0,-0.29,9.9,12.0,190.0,19.2811,47.8844,-26.8,0.6145,1,1,1.615,-0.64,-0.12,1.79,0.34,0.53,0.71,0,1,0,1,mesoplanet
GJ 180 b,Warm,Superterran,rocky-iron,metals-rich,1.22,2.32,2.09,0.9960187,1.234564,1.549138,284.2,-18.8,3.6,0.11,0.1,11.5,0.43,3371.0,-0.06027140851661208,4.184758828596038,10.9,11.69,4.8972,-17.7734,-27.0,1.745,2,2,0.244,-0.87,-0.14,0.74,0.46,0.41,0.75,0,1,0,0,mesoplanet
GJ 832 c,Warm,Superterran,rocky-iron,metals-rich,1.12,1.89,1.79,0.9315085999999999,0.9886534,1.0502799999999999,257.9,-18.31,3.21,0.03,0.16,80.0,0.45,3472.0,-0.31,4.184758828596038,8.7,4.94,21.5594,-49.0089,-26.7,1.4679,2,1,0.342,-0.71,-0.15,0.44,0.54,0.98,0.81,1,1,0,1,mesoplanet
GJ 180 c,Warm,Superterran,rocky-iron,metals-rich,1.16,2.04,1.9,0.6584886,0.785473,0.9446747999999999,251.2,-18.16,3.36,0.09,0.13,234.9,0.43,3371.0,-0.06027140851661208,4.184758828596038,10.9,11.69,4.8972,-17.7734,-26.5,1.3905,2,2,0.244,-0.53,-0.14,0.64,0.54,0.42,0.77,0,1,0,0,mesoplanet
Kepler-1410 b,Warm,Superterran,rocky-iron,metals-rich,1.16,2.07,1.92,1.344376,1.344376,1.344376,274.3,-18.76,3.38,0.0,0.26,0.0,0.63,4092.0,-0.06027140851661208,4.07,15.8,367.0,19.3673,38.7435,-27.1,1.232,1,1,0.614,-0.91,-0.14,0.51,0.49,0.11,0.78,0,1,0,1,mesoplanet
Ross 128 b,Warm,Terran,rocky-iron,metals-rich,0.91,1.05,1.1,1.176261,1.474785,1.874486,298.1,-17.92,2.19,0.12,0.05,0.0,0.17,3192.0,-0.02,5.0,11.2,3.38,11.7957,0.8046,-27.2,2.1279,1,1,0.13,-0.99,-0.17,-0.46,0.48,0.21,0.86,0,1,0,1,mesoplanet
Kepler-705 b,Warm,Superterran,rocky-iron,hydrogen-rich,1.36,2.86,2.46,0.832599,0.8325992,0.8325992,243.4,-18.6,4.0,0.0,0.23,0.0,0.53,3722.0,-0.06027140851661208,3.89,15.8,251.0,19.3006,41.8121,-26.5,1.1719,1,1,0.443,-0.56,-0.13,1.31,0.41,0.79,0.74,0,1,0,1,mesoplanet
tau Cet e,Warm,Terran,rocky-iron,metals-rich,1.07,1.7,1.64,1.369828,1.512054,1.673311,289.8,-18.64,3.02,0.05,0.55,313.5,0.78,5344.0,-0.55,5.8,3.5,3.65,1.7344,-15.9375,-27.2,0.7665,7,1,1.246,-0.92,-0.15,0.16,0.51,0.0,0.78,0,1,0,0,mesoplanet
HAT-P-44 b,Hot,Jovian,gas,metals-rich,0.04,0.61,2.95,228.8458,263.6524,305.3565,1065.0,-29.07,27.51,0.07,0.05,0.0,0.94,5295.0,0.33,8.9,13.2,374.0,14.2097,47.0147,-32.8,10.3312,2,1,1.517,-2.32,11.48,0.05,0.08,0.0,0.07,0,0,0,1,non-habitable
HD 99109 b,Warm,Jovian,gas,hydrogen-rich,0.23,2.04,4.25,0.5727556,0.683207,0.8216813,242.6,-21.52,16.88,0.09,1.1,256.0,0.93,5272.0,0.315,12.2,9.1,60.5,11.4047,-1.5289,-26.3,0.532,1,1,1.685,-0.18,5.53,3.66,0.13,0.0,0.5,1,0,0,1,non-habitable
KELT-16 b,Hot,Jovian,gas,hydrogen-rich,0.22,3.48,7.43,6006.622,6006.622,6006.624,2242.9,-32.69,30.47,0.0,0.02,0.0,1.21,6236.0,-0.002,2.9,11.9,365.0,20.9512,31.661,-36.2,36.0499,1,0,2.696,-2.48,12.03,1.3,0.07,0.0,0.06,0,0,0,1,non-habitable
Kepler-659 b,Hot,Superterran,rocky-iron,hydrogen-rich,1.72,4.3,3.28,18.35091,18.35091,18.35092,527.3,-22.35,4.75,0.0,0.12,0.0,0.79,4870.0,-0.06027140851661208,3.24,15.6,688.0,19.1739,47.5097,-29.9,3.214,1,0,1.007,-1.98,-0.11,1.03,0.31,0.0,0.3,0,0,0,1,non-habitable
HD 197037 b,Warm,Jovian,gas,hydrogen-rich,0.27,2.61,5.06,0.2584916,0.3943306,0.6322634,227.2,-21.17,18.74,0.22,2.02,298.0,1.11,6150.0,-0.2,1.9,6.8,33.0,20.6592,42.2486,-25.7,0.3001,1,1,2.2,0.81,6.14,5.13,0.11,0.0,0.4,0,0,0,1,non-habitable
Kepler-1517 b,Hot,Jovian,gas,metals-rich,0.26,2.56,5.0,1615.817,1615.817,1615.817,1615.3,-30.2,18.62,0.0,0.07,0.0,1.58,7010.0,-0.06027140851661208,1.38,12.3,869.0,19.1871,43.1888,-34.8,14.5931,1,0,4.632,-2.48,6.1,0.67,0.13,0.0,0.09,0,0,0,1,non-habitable
HD 35759 b,Hot,Jovian,gas,hydrogen-rich,0.76,8.82,10.13,12.57462,26.32732,64.96723,723.3,-26.19,22.27,0.39,0.36,256.0,1.15,6060.0,0.04,4.184758828596038,7.7,72.5,5.5258,64.2828,-30.4,2.5991,1,0,3.307,-2.07,8.44,6.34,0.09,0.0,0.12,0,0,0,1,non-habitable
Kepler-9 d,Hot,Superterran,rocky-water,metals-rich,0.66,1.32,1.62,1561.497,1561.498,1561.498,1601.5,-26.71,3.8,0.0,0.03,0.0,1.0,5722.0,0.17,3.0,13.9,424.0,19.0383,38.4008,-34.8,21.6005,3,0,1.917,-2.42,0.5,-0.95,0.27,0.0,0.26,0,0,0,1,non-habitable
Kepler-54 b,Hot,Superterran,rocky-iron,metals-rich,1.38,2.93,2.5,10.7896,10.7896,10.7896,461.7,-21.42,4.04,0.0,0.06,0.0,0.51,3705.0,-0.06027140851661208,4.184758828596038,16.3,424.0,19.6517,43.0564,-29.3,4.2583,3,0,0.431,-1.8,-0.13,0.52,0.35,0.0,0.36,0,0,0,1,non-habitable
K2-216 b,Hot,Superterran,rocky-iron,metals-rich,1.35,2.43,2.1,243.9196,243.9196,243.9196,1006.8,-24.46,3.43,0.0,0.03,0.0,0.7,4503.0,0.0,4.184758828596038,12.5,115.8,0.7653,6.3469,-32.7,13.7364,1,0,0.8640000000000001,-2.25,-0.26,-0.45,0.3,0.0,0.27,0,0,0,1,non-habitable
HD 9446 c,Hot,Jovian,gas,hydrogen-rich,0.42,4.65,7.2,2.102623,2.366637,2.673577,325.8,-23.38,21.33,0.06,0.65,100.0,1.0,5793.0,0.09,4.184758828596038,8.3,53.0,1.5556,29.2653,-27.7,0.8163,2,0,1.775,-1.19,7.29,6.1,0.09,0.0,0.37,0,0,0,1,non-habitable
Kepler-324 c,Hot,Neptunian,gas,metals-rich,0.2,0.62,1.39,6.815684,6.815685,6.815685,411.6,-21.77,5.98,0.0,0.26,0.0,0.86,5194.0,-0.009000000000000001,4.184758828596038,13.4,424.0,19.0981,49.649,-28.8,1.7218,2,0,1.264,-1.72,2.59,-0.4,0.24,0.0,0.36,0,0,0,1,non-habitable
TrES-4b,Hot,Jovian,gas,metals-rich,0.04,0.8,3.91,1658.153,1658.154,1658.154,1625.7,-31.7,36.95,0.0,0.05,0.0,1.39,6200.0,0.14,2.9,11.6,479.0,17.8869,37.2117,-34.8,18.9331,1,0,3.533,-2.45,14.94,0.14,0.06,0.0,0.05,0,0,0,1,non-habitable
Kepler-1056 b,Hot,Neptunian,gas,metals-rich,0.2,0.59,1.33,53.13675,53.13676,53.13676,687.8,-23.91,5.73,0.0,0.19,0.0,1.12,6127.0,-0.06027140851661208,2.95,14.6,971.0,19.9684,46.8993,-31.1,3.4553,1,0,2.316,-2.22,2.54,-0.75,0.22,0.0,0.23,0,0,0,1,non-habitable
EPIC 203826436 c,Hot,Neptunian,gas,metals-rich,0.19,0.53,1.2,130.448,130.448,130.448,861.0,-24.69,5.22,0.0,0.07,0.0,0.9,5413.0,-0.03,4.184758828596038,12.5,424.0,16.23,-24.7869,-32.0,6.9394,3,0,1.362,-2.28,2.46,-0.94,0.22,0.0,0.23,0,0,0,1,non-habitable
HD 5583 b,Hot,Jovian,gas,hydrogen-rich,1.15,13.46,12.54,124.0683,144.0497,168.2327,917.5,-27.96,22.34,0.08,0.53,12.0,1.01,4830.0,-0.5,7.4,7.6,221.0,0.9658,34.9856,-32.2,9.1763,1,0,12.208,-2.25,9.41,6.43,0.08,0.0,0.08,0,0,0,1,non-habitable
Kepler-937 c,Hot,Neptunian,gas,metals-rich,0.19,0.51,1.16,5.343182,5.343184,5.343184,387.3,-21.14,5.07,0.0,0.59,0.0,1.15,6095.0,-0.06027140851661208,3.24,15.2,1482.0,19.6113,46.7146,-28.6,1.1071,2,0,2.337,-1.62,2.44,-0.59,0.25,0.0,0.42,0,0,0,1,non-habitable
HD 204313 c,Hot,Neptunian,gas,metals-rich,0.2,0.89,1.99,21.17759,28.5932,39.56111,638.9,-24.1,8.47,0.15,0.21,238.0,1.04,5767.0,0.18,3.38,8.0,47.37,21.47,-21.7264,-30.4,2.8882,3,0,1.974,-2.1,3.16,-0.15,0.21,0.0,0.27,1,0,0,1,non-habitable
